{"cameraMode":{"drawMode":0,"name":"Shaded","section":"Shading Mode"},"sceneLighting":true,"audioPlay":false,"sceneViewState":{"m_AlwaysRefresh":false,"showFog":true,"showSkybox":true,"showFlares":true,"showImageEffects":true,"showParticleSystems":true,"showVisualEffectGraphs":true,"m_FxEnabled":true},"in2DMode":false,"pivot":{"x":-190.9475860595703,"y":56.568695068359378,"z":161.30003356933595},"rotation":{"x":-0.006920260842889547,"y":0.9670040607452393,"z":-0.02641495130956173,"w":-0.25331246852874758},"size":1247.003173828125,"orthographic":false}