{"cameraMode":{"drawMode":0,"name":"Shaded","section":"Shading Mode"},"sceneLighting":true,"audioPlay":false,"sceneViewState":{"m_AlwaysRefresh":false,"showFog":true,"showSkybox":true,"showFlares":true,"showImageEffects":true,"showParticleSystems":true,"showVisualEffectGraphs":true,"m_FxEnabled":true},"in2DMode":false,"pivot":{"x":274.1837158203125,"y":74.10025024414063,"z":161.30003356933595},"rotation":{"x":-0.006920260842889547,"y":0.9670040607452393,"z":-0.02641495130956173,"w":-0.25331246852874758},"size":134.81561279296876,"orthographic":false}